order_id,customer_id,order_date,delivery_date
1,64,30/08/2021,24/09/2021
2,473,03/02/2021,13/02/2021
3,774,08/10/2021,03/11/2021
4,433,06/05/2021,19/05/2021
5,441,23/03/2021,24/03/2021
6,800,09/09/2021,05/10/2021
7,626,05/04/2021,11/04/2021
8,58,12/04/2021,01/05/2021
9,852,01/05/2021,11/05/2021
10,659,15/10/2021,16/10/2021
11,785,15/06/2021,30/06/2021
12,120,30/06/2021,11/07/2021
13,204,15/10/2021,31/10/2021
14,957,29/03/2021,12/04/2021
15,468,22/09/2021,08/10/2021
16,564,07/07/2021,08/07/2021
17,614,09/02/2021,11/02/2021
18,299,01/01/2021,03/01/2021
19,513,30/08/2021,10/09/2021
20,789,13/01/2021,20/01/2021
21,124,04/04/2021,17/04/2021
22,180,28/05/2021,09/06/2021
23,652,17/05/2021,22/05/2021
24,469,04/09/2021,20/09/2021
25,562,04/07/2021,08/07/2021
26,732,25/04/2021,04/05/2021
27,443,16/05/2021,28/05/2021
28,206,19/08/2021,04/09/2021
29,993,22/03/2021,28/03/2021
30,260,07/07/2021,26/07/2021
31,727,11/03/2021,05/04/2021
32,627,17/06/2021,14/07/2021
33,588,01/07/2021,07/07/2021
34,412,23/05/2021,30/05/2021
35,358,31/08/2021,07/09/2021
36,51,22/08/2021,04/09/2021
37,78,07/07/2021,18/07/2021
38,809,03/02/2021,19/02/2021
39,466,26/02/2021,20/03/2021
40,86,07/01/2021,19/01/2021
41,790,03/01/2021,09/01/2021
42,690,29/07/2021,02/08/2021
43,570,13/07/2021,03/08/2021
44,849,07/09/2021,22/09/2021
45,571,30/05/2021,21/06/2021
46,922,22/06/2021,04/07/2021
47,791,21/04/2021,23/04/2021
48,620,16/04/2021,23/04/2021
49,336,22/01/2021,13/02/2021
50,454,16/09/2021,18/09/2021
51,399,19/02/2021,26/02/2021
52,493,06/10/2021,29/10/2021
53,528,22/04/2021,02/05/2021
54,195,25/04/2021,17/05/2021
55,873,08/04/2021,25/04/2021
56,587,23/01/2021,18/02/2021
57,163,27/02/2021,13/03/2021
58,332,02/02/2021,10/02/2021
59,843,31/01/2021,27/02/2021
60,301,05/02/2021,28/02/2021
61,158,16/04/2021,28/04/2021
62,93,30/07/2021,13/08/2021
63,556,11/02/2021,08/03/2021
64,167,24/01/2021,15/02/2021
65,388,26/06/2021,22/07/2021
66,631,14/08/2021,22/08/2021
67,504,22/05/2021,17/06/2021
68,180,12/02/2021,18/02/2021
69,96,08/03/2021,28/03/2021
70,802,15/05/2021,26/05/2021
71,795,14/02/2021,16/02/2021
72,610,13/03/2021,16/03/2021
73,965,24/07/2021,19/08/2021
74,391,23/02/2021,27/02/2021
75,68,24/08/2021,15/09/2021
76,470,18/06/2021,26/06/2021
77,680,19/04/2021,29/04/2021
78,681,13/05/2021,29/05/2021
79,236,16/03/2021,25/03/2021
80,872,26/04/2021,20/05/2021
81,736,13/06/2021,15/06/2021
82,927,02/02/2021,27/02/2021
83,537,25/06/2021,01/07/2021
84,181,26/08/2021,20/09/2021
85,251,10/03/2021,22/03/2021
86,874,05/08/2021,11/08/2021
87,325,20/06/2021,16/07/2021
88,567,19/07/2021,15/08/2021
89,448,22/10/2021,16/11/2021
90,809,13/06/2021,07/07/2021
91,803,02/09/2021,15/09/2021
92,273,12/01/2021,30/01/2021
93,908,22/10/2021,11/11/2021
94,629,08/03/2021,26/03/2021
95,413,25/01/2021,05/02/2021
96,415,20/06/2021,30/06/2021
97,106,29/03/2021,31/03/2021
98,257,29/04/2021,08/05/2021
99,291,13/09/2021,25/09/2021
100,817,30/03/2021,16/04/2021
101,807,31/01/2021,27/02/2021
102,846,07/05/2021,26/05/2021
103,209,16/06/2021,24/06/2021
104,366,05/06/2021,23/06/2021
105,456,25/06/2021,14/07/2021
106,573,09/03/2021,28/03/2021
107,127,11/01/2021,03/02/2021
108,935,07/03/2021,28/03/2021
109,554,06/04/2021,29/04/2021
110,607,02/09/2021,06/09/2021
111,794,30/03/2021,14/04/2021
112,75,04/02/2021,17/02/2021
113,565,19/03/2021,08/04/2021
114,160,08/08/2021,02/09/2021
115,492,11/04/2021,22/04/2021
116,510,25/04/2021,20/05/2021
117,971,08/01/2021,23/01/2021
118,639,20/02/2021,22/02/2021
119,545,29/04/2021,06/05/2021
120,585,09/06/2021,14/06/2021
121,549,21/04/2021,23/04/2021
122,732,13/04/2021,04/05/2021
123,471,04/03/2021,22/03/2021
124,776,06/07/2021,15/07/2021
125,321,22/10/2021,03/11/2021
126,326,31/01/2021,20/02/2021
127,51,01/04/2021,11/04/2021
128,936,13/10/2021,09/11/2021
129,428,24/05/2021,27/05/2021
130,439,20/06/2021,15/07/2021
131,629,20/09/2021,24/09/2021
132,562,17/04/2021,01/05/2021
133,878,07/07/2021,17/07/2021
134,12,19/06/2021,01/07/2021
135,942,15/05/2021,02/06/2021
136,539,06/09/2021,08/09/2021
137,298,18/10/2021,20/10/2021
138,331,05/02/2021,10/02/2021
139,871,15/06/2021,28/06/2021
140,539,08/04/2021,13/04/2021
141,528,26/08/2021,13/09/2021
142,237,15/06/2021,12/07/2021
143,828,08/02/2021,11/02/2021
144,928,22/05/2021,28/05/2021
145,871,02/02/2021,10/02/2021
146,912,30/08/2021,26/09/2021
147,818,28/09/2021,16/10/2021
148,573,14/01/2021,24/01/2021
149,500,03/03/2021,14/03/2021
150,462,22/06/2021,27/06/2021
151,357,08/08/2021,01/09/2021
152,320,09/03/2021,12/03/2021
153,727,21/10/2021,17/11/2021
154,674,17/10/2021,07/11/2021
155,834,30/06/2021,18/07/2021
156,727,10/07/2021,29/07/2021
157,909,07/04/2021,17/04/2021
158,828,13/07/2021,04/08/2021
159,208,05/09/2021,13/09/2021
160,725,31/07/2021,06/08/2021
161,566,22/03/2021,11/04/2021
162,431,25/04/2021,05/05/2021
163,84,12/06/2021,17/06/2021
164,412,21/05/2021,03/06/2021
165,389,23/06/2021,20/07/2021
166,113,11/07/2021,14/07/2021
167,595,26/06/2021,18/07/2021
168,664,10/01/2021,27/01/2021
169,996,09/03/2021,12/03/2021
170,867,17/08/2021,03/09/2021
171,443,14/09/2021,16/09/2021
172,224,05/01/2021,27/01/2021
173,435,06/06/2021,01/07/2021
174,497,22/02/2021,17/03/2021
175,309,22/03/2021,16/04/2021
176,574,26/09/2021,04/10/2021
177,315,20/08/2021,01/09/2021
178,236,02/02/2021,08/02/2021
179,161,10/06/2021,27/06/2021
180,469,29/05/2021,22/06/2021
181,241,29/01/2021,13/02/2021
182,461,22/02/2021,04/03/2021
183,715,06/10/2021,12/10/2021
184,240,15/09/2021,29/09/2021
185,945,06/04/2021,20/04/2021
186,833,26/09/2021,14/10/2021
187,401,10/01/2021,19/01/2021
188,571,10/04/2021,22/04/2021
189,586,17/07/2021,08/08/2021
190,421,01/02/2021,17/02/2021
191,18,22/01/2021,15/02/2021
192,842,06/02/2021,19/02/2021
193,846,06/06/2021,07/06/2021
194,415,23/10/2021,03/11/2021
195,92,13/04/2021,17/04/2021
196,630,22/10/2021,16/11/2021
197,110,30/04/2021,01/05/2021
198,640,31/08/2021,13/09/2021
199,206,17/05/2021,18/05/2021
200,15,24/08/2021,07/09/2021
201,325,26/05/2021,18/06/2021
202,129,15/04/2021,22/04/2021
203,369,21/06/2021,11/07/2021
204,568,30/09/2021,10/10/2021
205,267,03/02/2021,04/02/2021
206,654,01/06/2021,16/06/2021
207,644,25/09/2021,28/09/2021
208,28,10/10/2021,15/10/2021
209,292,08/05/2021,20/05/2021
210,723,22/07/2021,18/08/2021
211,515,09/05/2021,17/05/2021
212,62,14/10/2021,08/11/2021
213,678,14/09/2021,27/09/2021
214,288,20/06/2021,09/07/2021
215,526,10/08/2021,20/08/2021
216,865,16/04/2021,04/05/2021
217,234,18/07/2021,31/07/2021
218,606,12/07/2021,20/07/2021
219,667,05/01/2021,10/01/2021
220,555,10/10/2021,25/10/2021
221,473,03/08/2021,17/08/2021
222,368,08/09/2021,05/10/2021
223,657,23/03/2021,30/03/2021
224,628,07/07/2021,02/08/2021
225,664,04/10/2021,26/10/2021
226,28,09/07/2021,23/07/2021
227,406,23/10/2021,19/11/2021
228,773,06/01/2021,17/01/2021
229,107,08/10/2021,20/10/2021
230,497,31/08/2021,18/09/2021
231,731,20/03/2021,09/04/2021
232,256,02/05/2021,16/05/2021
233,996,03/09/2021,19/09/2021
234,133,18/09/2021,10/10/2021
235,767,28/09/2021,12/10/2021
236,228,15/07/2021,08/08/2021
237,829,16/03/2021,06/04/2021
238,328,17/03/2021,27/03/2021
239,530,13/10/2021,02/11/2021
240,578,27/01/2021,01/02/2021
241,401,22/07/2021,17/08/2021
242,909,25/08/2021,13/09/2021
243,263,06/07/2021,11/07/2021
244,637,02/09/2021,09/09/2021
245,191,06/05/2021,10/05/2021
246,641,19/06/2021,16/07/2021
247,68,19/10/2021,12/11/2021
248,457,15/01/2021,20/01/2021
249,86,13/05/2021,26/05/2021
250,518,26/03/2021,03/04/2021
251,433,31/07/2021,27/08/2021
252,683,11/01/2021,05/02/2021
253,179,10/09/2021,02/10/2021
254,571,07/08/2021,03/09/2021
255,605,26/09/2021,15/10/2021
256,313,09/08/2021,12/08/2021
257,914,12/02/2021,02/03/2021
258,742,21/10/2021,13/11/2021
259,878,16/08/2021,07/09/2021
260,317,13/07/2021,25/07/2021
261,250,06/02/2021,01/03/2021
262,812,22/05/2021,24/05/2021
263,372,19/06/2021,08/07/2021
264,636,13/06/2021,18/06/2021
265,189,04/07/2021,29/07/2021
266,623,10/03/2021,20/03/2021
267,34,11/09/2021,12/09/2021
268,530,16/03/2021,10/04/2021
269,89,05/02/2021,22/02/2021
270,711,02/03/2021,27/03/2021
271,469,07/06/2021,09/06/2021
272,92,20/01/2021,31/01/2021
273,828,07/10/2021,03/11/2021
274,19,13/04/2021,27/04/2021
275,329,05/01/2021,15/01/2021
276,775,20/06/2021,24/06/2021
277,659,05/04/2021,06/04/2021
278,510,30/01/2021,13/02/2021
279,620,25/07/2021,28/07/2021
280,551,07/01/2021,08/01/2021
281,489,03/07/2021,15/07/2021
282,423,30/03/2021,18/04/2021
283,303,04/09/2021,15/09/2021
284,522,29/04/2021,16/05/2021
285,882,25/09/2021,20/10/2021
286,998,05/01/2021,08/01/2021
287,799,09/09/2021,03/10/2021
288,201,13/10/2021,16/10/2021
289,977,26/01/2021,16/02/2021
290,364,01/08/2021,16/08/2021
291,112,12/01/2021,05/02/2021
292,337,26/03/2021,04/04/2021
293,426,05/08/2021,13/08/2021
294,499,28/08/2021,15/09/2021
295,412,05/03/2021,19/03/2021
296,207,22/10/2021,25/10/2021
297,256,15/06/2021,27/06/2021
298,58,11/09/2021,20/09/2021
299,994,12/01/2021,03/02/2021
300,912,30/09/2021,25/10/2021
301,535,21/06/2021,25/06/2021
302,156,19/06/2021,07/07/2021
303,758,02/09/2021,11/09/2021
304,537,10/04/2021,03/05/2021
305,234,09/07/2021,26/07/2021
306,747,16/10/2021,19/10/2021
307,679,11/10/2021,28/10/2021
308,549,13/02/2021,08/03/2021
309,390,07/01/2021,25/01/2021
310,348,25/04/2021,15/05/2021
311,807,07/03/2021,25/03/2021
312,683,06/07/2021,31/07/2021
313,266,02/06/2021,11/06/2021
314,95,14/08/2021,17/08/2021
315,239,05/04/2021,25/04/2021
316,179,12/09/2021,20/09/2021
317,876,23/04/2021,26/04/2021
318,433,31/01/2021,17/02/2021
319,933,22/08/2021,16/09/2021
320,41,22/08/2021,12/09/2021
321,833,26/08/2021,31/08/2021
322,686,17/08/2021,12/09/2021
323,852,23/03/2021,13/04/2021
324,99,05/07/2021,16/07/2021
325,318,11/05/2021,28/05/2021
326,199,22/06/2021,01/07/2021
327,710,28/07/2021,31/07/2021
328,246,14/04/2021,08/05/2021
329,820,30/04/2021,24/05/2021
330,887,12/03/2021,08/04/2021
331,414,18/03/2021,23/03/2021
332,466,13/03/2021,14/03/2021
333,367,18/10/2021,09/11/2021
334,539,12/05/2021,23/05/2021
335,485,30/09/2021,24/10/2021
336,615,25/05/2021,28/05/2021
337,341,02/08/2021,04/08/2021
338,630,26/01/2021,13/02/2021
339,409,06/04/2021,13/04/2021
340,841,17/07/2021,13/08/2021
341,602,07/02/2021,09/02/2021
342,348,24/08/2021,08/09/2021
343,673,17/09/2021,06/10/2021
344,526,16/08/2021,06/09/2021
345,711,14/02/2021,05/03/2021
346,739,23/03/2021,06/04/2021
347,209,29/05/2021,14/06/2021
348,732,07/10/2021,28/10/2021
349,847,13/04/2021,29/04/2021
350,869,14/02/2021,02/03/2021
351,478,02/05/2021,04/05/2021
352,52,08/10/2021,10/10/2021
353,774,30/03/2021,05/04/2021
354,18,26/02/2021,08/03/2021
355,46,14/04/2021,24/04/2021
356,236,01/04/2021,15/04/2021
357,70,08/02/2021,13/02/2021
358,796,07/04/2021,12/04/2021
359,661,16/05/2021,31/05/2021
360,870,03/08/2021,08/08/2021
361,988,06/02/2021,25/02/2021
362,96,30/09/2021,07/10/2021
363,882,25/01/2021,21/02/2021
364,925,13/03/2021,03/04/2021
365,485,14/04/2021,25/04/2021
366,334,15/07/2021,30/07/2021
367,181,20/02/2021,19/03/2021
368,556,02/09/2021,21/09/2021
369,729,26/03/2021,18/04/2021
370,986,22/01/2021,11/02/2021
371,727,29/08/2021,15/09/2021
372,991,14/03/2021,19/03/2021
373,581,13/03/2021,03/04/2021
374,981,05/06/2021,20/06/2021
375,655,20/01/2021,26/01/2021
376,571,04/07/2021,17/07/2021
377,21,19/05/2021,28/05/2021
378,623,29/09/2021,25/10/2021
379,467,13/02/2021,15/02/2021
380,75,22/03/2021,28/03/2021
381,258,11/04/2021,03/05/2021
382,791,04/05/2021,15/05/2021
383,469,08/09/2021,14/09/2021
384,709,27/05/2021,22/06/2021
385,146,08/08/2021,24/08/2021
386,458,14/02/2021,03/03/2021
387,341,11/06/2021,14/06/2021
388,601,12/02/2021,17/02/2021
389,643,20/04/2021,23/04/2021
390,206,20/01/2021,24/01/2021
391,726,16/05/2021,06/06/2021
392,840,12/01/2021,25/01/2021
393,803,06/05/2021,27/05/2021
394,508,06/09/2021,10/09/2021
395,728,26/03/2021,02/04/2021
396,461,26/02/2021,03/03/2021
397,446,03/02/2021,22/02/2021
398,13,28/09/2021,13/10/2021
399,331,21/10/2021,30/10/2021
400,907,02/07/2021,25/07/2021
401,94,14/08/2021,24/08/2021
402,537,09/03/2021,04/04/2021
403,980,16/09/2021,25/09/2021
404,998,03/03/2021,09/03/2021
405,493,09/08/2021,12/08/2021
406,892,25/07/2021,18/08/2021
407,835,09/01/2021,20/01/2021
408,404,30/01/2021,15/02/2021
409,206,03/05/2021,11/05/2021
410,47,04/08/2021,09/08/2021
411,771,17/03/2021,08/04/2021
412,427,23/09/2021,13/10/2021
413,589,17/10/2021,31/10/2021
414,212,02/01/2021,03/01/2021
415,947,14/07/2021,19/07/2021
416,129,08/10/2021,25/10/2021
417,729,14/09/2021,11/10/2021
418,918,24/08/2021,15/09/2021
419,745,20/10/2021,10/11/2021
420,482,22/02/2021,19/03/2021
421,691,28/09/2021,09/10/2021
422,375,16/03/2021,26/03/2021
423,507,12/06/2021,21/06/2021
424,551,13/03/2021,18/03/2021
425,606,21/02/2021,17/03/2021
426,776,26/09/2021,16/10/2021
427,282,27/01/2021,10/02/2021
428,431,24/02/2021,23/03/2021
429,754,08/02/2021,22/02/2021
430,155,08/02/2021,01/03/2021
431,325,25/04/2021,09/05/2021
432,20,20/10/2021,03/11/2021
433,419,18/08/2021,02/09/2021
434,940,11/05/2021,01/06/2021
435,886,17/02/2021,22/02/2021
436,739,17/08/2021,10/09/2021
437,269,25/08/2021,05/09/2021
438,989,22/05/2021,31/05/2021
439,286,24/08/2021,06/09/2021
440,553,09/10/2021,30/10/2021
441,726,28/02/2021,02/03/2021
442,693,24/03/2021,30/03/2021
443,966,09/03/2021,27/03/2021
444,383,07/03/2021,26/03/2021
445,893,07/07/2021,27/07/2021
446,283,26/03/2021,30/03/2021
447,100,10/01/2021,23/01/2021
448,185,20/08/2021,31/08/2021
449,163,23/10/2021,09/11/2021
450,648,30/04/2021,05/05/2021
451,566,25/08/2021,06/09/2021
452,123,09/10/2021,22/10/2021
453,371,13/08/2021,22/08/2021
454,441,29/03/2021,12/04/2021
455,1,04/04/2021,06/04/2021
456,450,28/06/2021,20/07/2021
457,490,04/03/2021,12/03/2021
458,757,21/10/2021,10/11/2021
459,853,18/06/2021,06/07/2021
460,250,07/06/2021,17/06/2021
461,244,14/02/2021,19/02/2021
462,769,31/01/2021,20/02/2021
463,641,16/03/2021,09/04/2021
464,103,29/06/2021,25/07/2021
465,7,21/05/2021,23/05/2021
466,628,10/06/2021,05/07/2021
467,102,24/02/2021,10/03/2021
468,238,15/04/2021,17/04/2021
469,907,27/04/2021,04/05/2021
470,810,11/09/2021,04/10/2021
471,282,08/07/2021,10/07/2021
472,85,15/07/2021,29/07/2021
473,61,19/05/2021,12/06/2021
474,571,19/08/2021,09/09/2021
475,696,27/05/2021,01/06/2021
476,757,07/10/2021,02/11/2021
477,97,20/06/2021,26/06/2021
478,452,15/10/2021,23/10/2021
479,51,27/06/2021,16/07/2021
480,180,15/07/2021,05/08/2021
481,227,20/08/2021,12/09/2021
482,111,03/08/2021,09/08/2021
483,742,15/03/2021,20/03/2021
484,926,05/05/2021,31/05/2021
485,969,08/01/2021,28/01/2021
486,643,27/04/2021,08/05/2021
487,926,09/01/2021,05/02/2021
488,638,01/10/2021,26/10/2021
489,77,30/08/2021,21/09/2021
490,816,15/09/2021,29/09/2021
491,783,24/02/2021,18/03/2021
492,568,24/07/2021,07/08/2021
493,895,24/04/2021,03/05/2021
494,740,31/07/2021,15/08/2021
495,352,10/08/2021,19/08/2021
496,574,17/06/2021,27/06/2021
497,900,07/07/2021,09/07/2021
498,647,15/07/2021,23/07/2021
499,690,24/10/2021,26/10/2021
500,571,15/01/2021,24/01/2021
501,706,16/02/2021,25/02/2021
502,485,18/02/2021,07/03/2021
503,937,19/08/2021,05/09/2021
504,192,13/01/2021,08/02/2021
505,737,17/08/2021,27/08/2021
506,648,11/09/2021,27/09/2021
507,58,20/06/2021,11/07/2021
508,834,17/07/2021,01/08/2021
509,676,02/01/2021,25/01/2021
510,125,29/09/2021,01/10/2021
511,282,22/08/2021,12/09/2021
512,223,13/10/2021,05/11/2021
513,950,24/05/2021,04/06/2021
514,740,12/07/2021,22/07/2021
515,23,23/05/2021,13/06/2021
516,506,21/05/2021,26/05/2021
517,797,23/06/2021,30/06/2021
518,196,03/06/2021,18/06/2021
519,244,23/08/2021,12/09/2021
520,679,04/02/2021,01/03/2021
521,382,17/03/2021,31/03/2021
522,761,19/03/2021,05/04/2021
523,516,25/04/2021,18/05/2021
524,60,21/07/2021,01/08/2021
525,986,25/09/2021,20/10/2021
526,55,16/05/2021,22/05/2021
527,79,13/09/2021,09/10/2021
528,343,16/09/2021,07/10/2021
529,767,10/01/2021,19/01/2021
530,467,07/01/2021,23/01/2021
531,742,14/01/2021,08/02/2021
532,523,08/09/2021,20/09/2021
533,558,04/06/2021,09/06/2021
534,49,23/09/2021,26/09/2021
535,585,25/01/2021,07/02/2021
536,927,05/02/2021,21/02/2021
537,203,14/02/2021,13/03/2021
538,754,04/01/2021,26/01/2021
539,609,03/01/2021,25/01/2021
540,772,21/03/2021,30/03/2021
541,490,20/08/2021,22/08/2021
542,282,10/02/2021,14/02/2021
543,769,28/07/2021,09/08/2021
544,347,05/03/2021,14/03/2021
545,439,21/06/2021,02/07/2021
546,664,29/04/2021,19/05/2021
547,163,19/10/2021,30/10/2021
548,135,17/07/2021,26/07/2021
549,401,02/06/2021,09/06/2021
550,26,04/08/2021,09/08/2021
551,330,16/09/2021,18/09/2021
552,264,10/01/2021,17/01/2021
553,49,06/03/2021,14/03/2021
554,842,07/05/2021,26/05/2021
555,922,03/09/2021,09/09/2021
556,566,30/07/2021,01/08/2021
557,504,19/04/2021,24/04/2021
558,729,02/03/2021,18/03/2021
559,611,03/03/2021,15/03/2021
560,11,28/05/2021,05/06/2021
561,764,15/02/2021,13/03/2021
562,632,19/09/2021,03/10/2021
563,611,04/07/2021,16/07/2021
564,583,23/08/2021,19/09/2021
565,442,25/02/2021,15/03/2021
566,614,24/07/2021,10/08/2021
567,104,21/06/2021,23/06/2021
568,783,09/01/2021,22/01/2021
569,757,16/03/2021,06/04/2021
570,81,09/03/2021,14/03/2021
571,472,02/02/2021,10/02/2021
572,479,01/01/2021,06/01/2021
573,736,02/01/2021,09/01/2021
574,434,21/06/2021,03/07/2021
575,54,14/08/2021,16/08/2021
576,218,26/04/2021,05/05/2021
577,840,20/02/2021,12/03/2021
578,926,09/05/2021,12/05/2021
579,501,28/03/2021,20/04/2021
580,171,30/04/2021,09/05/2021
581,708,09/05/2021,29/05/2021
582,783,03/09/2021,18/09/2021
583,290,07/04/2021,10/04/2021
584,142,29/06/2021,01/07/2021
585,844,20/03/2021,23/03/2021
586,998,27/02/2021,22/03/2021
587,402,08/09/2021,11/09/2021
588,612,26/05/2021,20/06/2021
589,692,25/06/2021,20/07/2021
590,898,06/07/2021,15/07/2021
591,588,18/06/2021,06/07/2021
592,973,29/06/2021,07/07/2021
593,515,21/02/2021,11/03/2021
594,711,14/06/2021,23/06/2021
595,10,09/03/2021,29/03/2021
596,693,13/06/2021,27/06/2021
597,107,04/08/2021,16/08/2021
598,638,20/06/2021,05/07/2021
599,308,23/09/2021,17/10/2021
600,921,15/09/2021,16/09/2021
601,916,13/06/2021,28/06/2021
602,987,14/02/2021,07/03/2021
603,549,30/08/2021,04/09/2021
604,492,20/07/2021,13/08/2021
605,402,20/08/2021,06/09/2021
606,692,31/01/2021,08/02/2021
607,648,19/10/2021,12/11/2021
608,530,13/08/2021,15/08/2021
609,25,22/04/2021,08/05/2021
610,735,04/08/2021,31/08/2021
611,155,01/05/2021,25/05/2021
612,486,10/05/2021,12/05/2021
613,682,23/05/2021,07/06/2021
614,732,18/04/2021,03/05/2021
615,690,31/01/2021,10/02/2021
616,21,13/05/2021,14/05/2021
617,371,30/08/2021,07/09/2021
618,882,01/08/2021,26/08/2021
619,225,25/02/2021,04/03/2021
620,614,19/07/2021,01/08/2021
621,102,16/07/2021,07/08/2021
622,587,16/05/2021,07/06/2021
623,808,20/10/2021,30/10/2021
624,398,19/03/2021,08/04/2021
625,233,17/07/2021,28/07/2021
626,348,30/09/2021,17/10/2021
627,680,03/04/2021,08/04/2021
628,534,08/09/2021,28/09/2021
629,904,07/08/2021,20/08/2021
630,644,12/01/2021,31/01/2021
631,460,14/04/2021,08/05/2021
632,952,11/04/2021,17/04/2021
633,183,02/07/2021,13/07/2021
634,327,13/10/2021,23/10/2021
635,50,15/07/2021,05/08/2021
636,793,02/04/2021,07/04/2021
637,886,06/08/2021,18/08/2021
638,548,03/10/2021,17/10/2021
639,906,30/03/2021,22/04/2021
640,873,23/01/2021,26/01/2021
641,20,10/03/2021,22/03/2021
642,835,11/01/2021,26/01/2021
643,778,18/05/2021,24/05/2021
644,207,13/03/2021,22/03/2021
645,794,19/08/2021,13/09/2021
646,369,08/05/2021,28/05/2021
647,439,06/02/2021,11/02/2021
648,522,16/07/2021,19/07/2021
649,840,28/07/2021,16/08/2021
650,739,02/01/2021,15/01/2021
651,581,22/05/2021,25/05/2021
652,691,09/03/2021,27/03/2021
653,629,19/02/2021,18/03/2021
654,417,18/08/2021,30/08/2021
655,333,25/05/2021,06/06/2021
656,907,22/03/2021,23/03/2021
657,479,22/07/2021,28/07/2021
658,201,23/05/2021,05/06/2021
659,328,30/09/2021,15/10/2021
660,787,16/08/2021,25/08/2021
661,427,14/09/2021,17/09/2021
662,924,19/09/2021,29/09/2021
663,836,09/04/2021,10/04/2021
664,21,07/01/2021,20/01/2021
665,176,10/03/2021,26/03/2021
666,456,25/08/2021,11/09/2021
667,737,23/03/2021,28/03/2021
668,22,15/03/2021,30/03/2021
669,247,18/06/2021,02/07/2021
670,1,06/03/2021,01/04/2021
671,156,22/06/2021,08/07/2021
672,677,12/02/2021,25/02/2021
673,326,05/02/2021,19/02/2021
674,300,29/01/2021,05/02/2021
675,896,05/06/2021,13/06/2021
676,889,24/09/2021,11/10/2021
677,267,05/07/2021,08/07/2021
678,711,28/04/2021,14/05/2021
679,308,05/03/2021,22/03/2021
680,800,04/05/2021,22/05/2021
681,463,10/10/2021,19/10/2021
682,454,28/02/2021,18/03/2021
683,276,01/01/2021,05/01/2021
684,956,12/10/2021,17/10/2021
685,851,06/08/2021,21/08/2021
686,799,14/06/2021,15/06/2021
687,341,30/03/2021,12/04/2021
688,574,08/03/2021,29/03/2021
689,884,03/10/2021,28/10/2021
690,941,05/10/2021,26/10/2021
691,78,03/04/2021,19/04/2021
692,697,18/06/2021,05/07/2021
693,714,29/04/2021,16/05/2021
694,634,17/04/2021,11/05/2021
695,92,01/07/2021,20/07/2021
696,230,01/09/2021,27/09/2021
697,830,20/07/2021,28/07/2021
698,821,19/05/2021,13/06/2021
699,311,29/01/2021,12/02/2021
700,788,01/07/2021,26/07/2021
701,659,28/08/2021,10/09/2021
702,310,23/06/2021,14/07/2021
703,327,07/02/2021,28/02/2021
704,260,21/07/2021,27/07/2021
705,107,14/01/2021,25/01/2021
706,844,20/07/2021,21/07/2021
707,589,12/05/2021,18/05/2021
708,687,24/10/2021,10/11/2021
709,772,17/06/2021,13/07/2021
710,134,07/02/2021,08/02/2021
711,228,22/06/2021,08/07/2021
712,474,18/08/2021,29/08/2021
713,241,14/07/2021,09/08/2021
714,50,07/02/2021,19/02/2021
715,225,19/10/2021,12/11/2021
716,502,31/07/2021,26/08/2021
717,696,11/03/2021,05/04/2021
718,665,13/05/2021,20/05/2021
719,387,19/09/2021,24/09/2021
720,465,12/03/2021,23/03/2021
721,755,28/08/2021,04/09/2021
722,401,24/10/2021,20/11/2021
723,135,03/10/2021,16/10/2021
724,394,04/03/2021,28/03/2021
725,674,26/09/2021,05/10/2021
726,447,15/09/2021,05/10/2021
727,852,01/05/2021,18/05/2021
728,526,29/08/2021,30/08/2021
729,1,18/02/2021,01/03/2021
730,88,20/06/2021,10/07/2021
731,214,21/06/2021,02/07/2021
732,40,09/05/2021,29/05/2021
733,387,26/05/2021,22/06/2021
734,623,25/01/2021,31/01/2021
735,754,03/10/2021,16/10/2021
736,793,10/04/2021,03/05/2021
737,453,26/05/2021,30/05/2021
738,144,16/07/2021,09/08/2021
739,211,14/09/2021,23/09/2021
740,178,05/02/2021,10/02/2021
741,710,03/02/2021,17/02/2021
742,750,21/10/2021,01/11/2021
743,909,25/03/2021,27/03/2021
744,107,25/01/2021,14/02/2021
745,643,21/03/2021,01/04/2021
746,445,19/06/2021,27/06/2021
747,299,11/05/2021,28/05/2021
748,27,16/05/2021,06/06/2021
749,693,20/09/2021,24/09/2021
750,758,19/02/2021,01/03/2021
751,254,20/06/2021,06/07/2021
752,535,08/10/2021,12/10/2021
753,40,20/02/2021,28/02/2021
754,778,30/06/2021,23/07/2021
755,123,11/04/2021,06/05/2021
756,318,19/03/2021,29/03/2021
757,632,03/06/2021,15/06/2021
758,781,27/03/2021,21/04/2021
759,857,06/06/2021,03/07/2021
760,207,09/07/2021,11/07/2021
761,198,03/10/2021,25/10/2021
762,83,13/08/2021,20/08/2021
763,974,18/03/2021,05/04/2021
764,955,16/09/2021,04/10/2021
765,660,15/01/2021,01/02/2021
766,929,06/08/2021,15/08/2021
767,169,28/04/2021,30/04/2021
768,558,29/09/2021,16/10/2021
769,422,10/09/2021,04/10/2021
770,868,06/02/2021,28/02/2021
771,970,06/06/2021,18/06/2021
772,573,07/06/2021,27/06/2021
773,998,19/07/2021,07/08/2021
774,416,23/06/2021,13/07/2021
775,348,11/06/2021,05/07/2021
776,265,02/09/2021,27/09/2021
777,431,16/01/2021,09/02/2021
778,42,24/01/2021,07/02/2021
779,698,07/07/2021,21/07/2021
780,100,27/01/2021,29/01/2021
781,465,21/08/2021,11/09/2021
782,872,07/03/2021,23/03/2021
783,683,17/01/2021,19/01/2021
784,436,14/03/2021,04/04/2021
785,445,22/03/2021,02/04/2021
786,472,02/05/2021,08/05/2021
787,44,18/07/2021,31/07/2021
788,108,08/10/2021,13/10/2021
789,762,11/10/2021,03/11/2021
790,187,16/05/2021,27/05/2021
791,476,05/05/2021,21/05/2021
792,240,16/07/2021,12/08/2021
793,258,27/01/2021,03/02/2021
794,418,18/04/2021,08/05/2021
795,427,07/06/2021,30/06/2021
796,592,31/07/2021,06/08/2021
797,908,25/07/2021,06/08/2021
798,825,17/03/2021,01/04/2021
799,651,11/03/2021,04/04/2021
800,422,21/06/2021,23/06/2021
801,995,02/08/2021,17/08/2021
802,501,05/10/2021,23/10/2021
803,625,03/04/2021,16/04/2021
804,323,10/04/2021,21/04/2021
805,416,02/10/2021,03/10/2021
806,684,01/08/2021,16/08/2021
807,636,17/02/2021,03/03/2021
808,219,13/10/2021,30/10/2021
809,73,11/02/2021,25/02/2021
810,768,22/03/2021,04/04/2021
811,764,22/10/2021,24/10/2021
812,183,09/07/2021,13/07/2021
813,908,11/08/2021,01/09/2021
814,664,04/03/2021,28/03/2021
815,572,02/05/2021,17/05/2021
816,620,02/02/2021,06/02/2021
817,944,27/06/2021,05/07/2021
818,865,15/03/2021,10/04/2021
819,461,19/01/2021,22/01/2021
820,801,25/09/2021,03/10/2021
821,118,03/01/2021,10/01/2021
822,524,05/09/2021,12/09/2021
823,223,29/04/2021,04/05/2021
824,724,04/01/2021,28/01/2021
825,787,27/01/2021,22/02/2021
826,375,16/08/2021,06/09/2021
827,292,09/05/2021,05/06/2021
828,601,09/01/2021,27/01/2021
829,951,06/04/2021,28/04/2021
830,956,22/03/2021,23/03/2021
831,338,04/08/2021,20/08/2021
832,627,06/09/2021,27/09/2021
833,317,03/03/2021,20/03/2021
834,139,23/02/2021,08/03/2021
835,106,02/01/2021,07/01/2021
836,971,18/08/2021,24/08/2021
837,989,12/01/2021,27/01/2021
838,946,02/01/2021,15/01/2021
839,306,16/09/2021,27/09/2021
840,183,30/06/2021,08/07/2021
841,348,29/06/2021,12/07/2021
842,310,10/01/2021,29/01/2021
843,956,03/07/2021,09/07/2021
844,35,26/09/2021,18/10/2021
845,457,25/04/2021,22/05/2021
846,515,17/09/2021,10/10/2021
847,566,19/10/2021,04/11/2021
848,813,24/09/2021,14/10/2021
849,882,11/08/2021,01/09/2021
850,254,08/04/2021,27/04/2021
851,365,23/04/2021,02/05/2021
852,102,11/04/2021,08/05/2021
853,653,27/09/2021,18/10/2021
854,680,10/08/2021,27/08/2021
855,620,26/01/2021,02/02/2021
856,289,13/01/2021,22/01/2021
857,577,01/09/2021,10/09/2021
858,987,16/03/2021,27/03/2021
859,269,26/03/2021,09/04/2021
860,570,09/04/2021,04/05/2021
861,315,31/05/2021,20/06/2021
862,984,11/10/2021,20/10/2021
863,81,10/05/2021,18/05/2021
864,414,29/03/2021,17/04/2021
865,490,27/07/2021,30/07/2021
866,88,11/04/2021,21/04/2021
867,342,23/03/2021,07/04/2021
868,937,31/03/2021,03/04/2021
869,605,25/09/2021,20/10/2021
870,647,01/08/2021,12/08/2021
871,550,24/09/2021,08/10/2021
872,954,26/09/2021,14/10/2021
873,100,25/04/2021,07/05/2021
874,557,25/03/2021,10/04/2021
875,383,26/02/2021,27/02/2021
876,566,20/05/2021,24/05/2021
877,558,14/07/2021,02/08/2021
878,470,31/03/2021,20/04/2021
879,370,11/10/2021,20/10/2021
880,872,19/02/2021,16/03/2021
881,318,18/02/2021,10/03/2021
882,821,05/07/2021,07/07/2021
883,360,27/02/2021,05/03/2021
884,62,16/08/2021,08/09/2021
885,16,18/10/2021,13/11/2021
886,898,22/09/2021,18/10/2021
887,669,27/01/2021,20/02/2021
888,108,20/04/2021,03/05/2021
889,332,31/07/2021,11/08/2021
890,649,21/06/2021,07/07/2021
891,350,12/08/2021,14/08/2021
892,586,09/04/2021,11/04/2021
893,854,06/03/2021,14/03/2021
894,1000,11/10/2021,13/10/2021
895,664,26/07/2021,15/08/2021
896,446,14/03/2021,31/03/2021
897,278,26/08/2021,17/09/2021
898,465,30/06/2021,04/07/2021
899,408,04/08/2021,14/08/2021
900,409,07/07/2021,24/07/2021
901,305,05/05/2021,06/05/2021
902,553,12/01/2021,15/01/2021
903,789,05/01/2021,21/01/2021
904,980,24/03/2021,07/04/2021
905,439,11/01/2021,23/01/2021
906,870,21/01/2021,04/02/2021
907,971,15/08/2021,17/08/2021
908,422,15/03/2021,08/04/2021
909,465,18/07/2021,09/08/2021
910,738,27/01/2021,06/02/2021
911,189,23/08/2021,06/09/2021
912,780,23/08/2021,09/09/2021
913,597,03/04/2021,19/04/2021
914,577,09/05/2021,12/05/2021
915,266,17/04/2021,04/05/2021
916,189,12/10/2021,19/10/2021
917,750,02/01/2021,12/01/2021
918,965,07/03/2021,03/04/2021
919,97,29/06/2021,21/07/2021
920,703,26/07/2021,16/08/2021
921,418,17/02/2021,18/02/2021
922,703,10/10/2021,02/11/2021
923,767,05/07/2021,26/07/2021
924,786,04/04/2021,18/04/2021
925,272,16/07/2021,12/08/2021
926,123,08/02/2021,18/02/2021
927,963,02/08/2021,06/08/2021
928,801,14/10/2021,19/10/2021
929,397,31/01/2021,06/02/2021
930,150,22/06/2021,30/06/2021
931,502,04/06/2021,19/06/2021
932,45,22/08/2021,23/08/2021
933,595,28/04/2021,20/05/2021
934,736,03/04/2021,21/04/2021
935,129,01/07/2021,16/07/2021
936,148,16/07/2021,01/08/2021
937,72,04/06/2021,25/06/2021
938,128,12/06/2021,28/06/2021
939,432,02/04/2021,21/04/2021
940,813,11/09/2021,04/10/2021
941,662,30/09/2021,05/10/2021
942,282,09/06/2021,10/06/2021
943,76,22/02/2021,14/03/2021
944,774,17/07/2021,09/08/2021
945,54,04/07/2021,22/07/2021
946,455,20/04/2021,13/05/2021
947,49,24/06/2021,02/07/2021
948,35,24/08/2021,02/09/2021
949,244,02/02/2021,17/02/2021
950,328,16/10/2021,31/10/2021
951,515,30/09/2021,23/10/2021
952,883,05/08/2021,25/08/2021
953,733,18/04/2021,26/04/2021
954,370,28/03/2021,15/04/2021
955,209,20/01/2021,05/02/2021
956,549,18/05/2021,07/06/2021
957,740,20/08/2021,30/08/2021
958,577,21/06/2021,01/07/2021
959,565,17/01/2021,10/02/2021
960,362,19/09/2021,07/10/2021
961,717,19/03/2021,15/04/2021
962,657,09/02/2021,18/02/2021
963,108,18/06/2021,14/07/2021
964,367,08/07/2021,16/07/2021
965,69,24/07/2021,29/07/2021
966,639,25/02/2021,10/03/2021
967,306,11/10/2021,07/11/2021
968,765,14/03/2021,03/04/2021
969,639,22/05/2021,25/05/2021
970,382,04/01/2021,23/01/2021
971,272,26/08/2021,12/09/2021
972,117,22/07/2021,08/08/2021
973,232,04/09/2021,24/09/2021
974,221,22/01/2021,18/02/2021
975,316,18/01/2021,30/01/2021
976,778,15/10/2021,04/11/2021
977,463,23/04/2021,06/05/2021
978,827,24/04/2021,18/05/2021
979,813,07/04/2021,21/04/2021
980,84,19/10/2021,14/11/2021
981,830,02/10/2021,12/10/2021
982,123,30/03/2021,07/04/2021
983,677,12/07/2021,14/07/2021
984,359,23/09/2021,30/09/2021
985,581,07/02/2021,09/02/2021
986,116,02/08/2021,15/08/2021
987,247,13/07/2021,09/08/2021
988,496,04/02/2021,16/02/2021
989,595,06/01/2021,29/01/2021
990,87,17/08/2021,06/09/2021
991,493,09/01/2021,16/01/2021
992,770,23/07/2021,14/08/2021
993,268,29/03/2021,11/04/2021
994,920,15/07/2021,17/07/2021
995,15,14/04/2021,28/04/2021
996,345,13/01/2021,02/02/2021
997,346,18/01/2021,31/01/2021
998,407,05/05/2021,21/05/2021
999,428,15/06/2021,12/07/2021
1000,896,07/04/2021,24/04/2021
